state_id,predicted_next_article_id
0,2774
6,2241
8,2020
10,3715
11,3597
14,1334
15,1526
16,1276
17,4217
18,1460
19,2535
22,1923
26,379
27,631
28,3817
32,862
38,3903
39,4063
40,1615
44,1834
45,976
47,2025
50,3822
54,1599
55,1251
56,3385
57,2290
65,4231
70,2119
71,4467
73,773
76,2036
78,1680
81,3342
83,79
85,788
90,3321
93,3925
102,4484
106,3184
109,42
111,2738
115,3877
118,1163
119,2159
125,2650
128,2340
131,450
134,457
135,263
136,993
137,934
138,3275
143,3196
144,1923
148,2696
153,867
159,461
160,583
161,2508
166,4082
167,4277
168,953
169,614
171,4318
173,1516
175,4232
176,2760
177,3121
178,1552
185,559
188,4582
191,3429
196,2997
197,745
201,1645
203,1113
204,2948
209,3589
211,1271
217,4598
221,2178
223,965
225,3700
226,1800
235,1903
238,4114
239,1593
240,2345
241,255
242,953
246,2989
247,3391
251,2109
254,1378
256,4526
257,3335
258,3293
261,1112
264,721
265,10
266,4073
268,427
271,674
273,2295
274,2757
275,1439
276,1067
277,2697
281,3800
285,1362
286,3742
287,4309
289,2166
291,1240
292,2502
293,3624
295,3542
296,1679
300,1778
301,1914
303,2254
315,3798
317,2694
320,2138
324,2049
326,2697
327,2594
328,878
333,610
335,871
336,779
337,865
344,2580
347,696
349,505
351,1314
353,3968
356,1714
357,3889
362,1824
363,684
364,1663
365,3603
367,4402
371,2113
375,3961
380,1960
382,1315
383,2002
386,2217
388,464
389,1014
390,3348
395,2372
396,3140
398,1280
399,4577
402,1418
403,2023
404,1866
407,2173
408,1568
411,2086
413,535
414,1264
416,2889
420,222
424,3615
431,1084
433,889
436,2515
439,130
440,3965
443,1446
444,2611
445,3875
447,3357
454,1156
455,76
456,3811
458,1083
459,3322
462,1557
463,3861
466,1351
467,1842
469,1889
470,4003
472,496
475,3367
476,4200
479,2503
480,2361
482,3953
483,3250
485,2265
490,1413
494,4040
500,1766
504,876
507,534
508,3126
510,2023
513,2694
514,2121
515,3919
522,2113
526,728
527,2028
529,935
530,3958
531,3881
533,1067
536,3760
540,3373
542,3496
544,691
550,2163
551,3520
552,2817
553,1299
555,1971
558,503
561,3088
562,554
565,4507
566,1743
567,3806
568,1616
573,4533
579,949
582,4106
584,4232
585,2575
587,4421
589,1336
590,4163
591,3425
593,1219
594,3829
595,3391
597,2222
601,1975
604,3580
606,3335
610,1582
611,4521
612,957
613,3891
615,447
620,486
621,91
624,1251
625,963
626,3080
628,3443
629,1462
632,1936
633,4414
637,2827
638,2201
644,3488
647,1604
650,320
652,642
653,4301
656,4087
658,30
660,2150
661,3533
663,1076
669,2919
673,1945
675,2909
676,3889
677,4019
680,3487
681,4388
683,1502
684,1318
687,2630
695,632
700,407
701,4056
703,3332
707,2476
709,163
712,2755
713,423
715,862
717,4052
718,813
719,1659
727,1235
729,3565
730,3956
731,142
732,3538
733,2774
734,3489
739,3639
743,2284
744,2684
746,3675
748,3316
752,660
754,1102
760,4287
770,3562
773,3758
776,765
779,3501
780,729
781,4434
785,2278
786,3231
787,389
793,721
794,2996
796,3742
797,1816
798,3742
800,3615
803,3175
806,226
810,3535
811,3052
815,2614
817,1956
826,1107
831,1400
832,542
833,3509
836,578
839,1011
841,2319
842,2801
845,1976
850,2782
851,2328
852,3993
855,2956
858,2734
862,2001
865,3434
868,2384
871,3197
872,4109
873,1912
879,2290
880,3265
881,3064
882,2284
883,4396
885,4484
886,3486
887,4196
888,1636
890,650
896,2465
898,4438
900,1351
901,289
903,3446
904,4420
905,4154
907,1717
909,3122
910,3080
917,2948
918,3602
919,135
920,954
921,3325
925,2222
927,3638
932,3239
933,3068
934,44
935,4086
941,3147
947,2821
949,108
952,1580
961,3204
962,4388
965,3245
967,1356
971,232
972,2624
973,244
975,2415
976,684
980,3123
981,2290
986,2206
987,2174
988,4048
991,1594
992,109
994,2431
997,3126
999,4070
1000,1432
1001,4236
1003,953
1004,3200
1005,4257
1006,2153
1007,3334
1009,3600
1012,3103
1015,2756
1016,2246
1017,3874
1018,3174
1020,3814
1023,4185
1024,574
1025,4041
1026,2502
1027,2561
1030,1121
1034,60
1035,3805
1036,2327
1037,1986
1040,1768
1045,4284
1046,882
1048,2009
1049,2486
1057,3709
1062,4015
1065,4540
1067,3567
1074,2968
1075,669
1083,2475
1085,4218
1087,1050
1089,1272
1090,1817
1091,45
1096,552
1097,4461
1101,1985
1102,2591
1104,4419
1107,4337
1110,2520
1113,553
1115,1454
1121,710
1124,2457
1127,3705
1128,3214
1132,1024
1140,4569
1144,1978
1146,2192
1149,2888
1151,1823
1156,3261
1157,1886
1158,1625
1163,2095
1164,3410
1169,4596
1171,3917
1172,532
1174,3105
1177,2645
1178,2014
1179,2896
1180,2628
1181,500
1183,3643
1184,856
1185,2267
1186,1832
1187,2222
1188,2957
1191,2718
1192,4017
1195,2753
1197,1196
1199,1264
1205,2516
1207,533
1208,3591
1209,3400
1213,82
1216,115
1218,1449
1226,2102
1229,1599
1231,2788
1233,131
1235,3051
1237,2788
1240,3522
1242,2571
1244,1965
1245,579
1246,2879
1248,757
1249,2938
1251,934
1253,1674
1254,981
1256,3364
1262,4453
1263,2989
1265,3888
1269,529
1270,312
1272,4417
1273,1981
1274,688
1275,4373
1279,2386
1281,115
1284,4272
1285,3820
1287,3158
1288,3374
1289,332
1290,656
1291,299
1293,1440
1295,1218
1298,3921
1300,1619
1301,1881
1302,458
1305,4221
1306,2241
1308,1586
1310,1911
1311,827
1318,2150
1321,1561
1323,3818
1324,3580
1329,1609
1330,1656
1335,4161
1336,1256
1340,1708
1342,306
1343,4480
1344,4298
1349,1627
1354,3363
1355,932
1356,3458
1357,3906
1358,1080
1360,3335
1361,4484
1364,1822
1366,2910
1367,3606
1368,612
1376,2095
1379,3292
1384,1412
1385,1456
1387,337
1388,1920
1392,479
1394,1008
1395,1963
1396,630
1398,178
1401,3140
1404,3120
1405,4325
1406,2708
1407,76
1410,2288
1414,4404
1422,2950
1425,2671
1427,1378
1428,72
1430,475
1431,1565
1432,6
1434,1488
1435,2172
1437,993
1441,4154
1442,2625
1444,3815
1446,3329
1454,2961
1457,1377
1462,3532
1463,480
1465,4101
1468,1891
1474,1416
1477,1734
1485,3485
1490,2172
1491,896
1492,3328
1493,357
1495,2488
1498,1707
1499,850
1501,1397
1502,3240
1506,1794
1507,3658
1508,3418
1509,3153
1510,1082
1511,4103
1512,1393
1514,141
1518,322
1522,2585
1524,4497
1529,128
1534,2641
1537,2159
1541,3918
1543,1830
1545,3260
1547,1745
1549,230
1550,2350
1553,33
1554,2932
1555,3224
1559,4123
1563,3461
1564,666
1566,4481
1567,3883
1570,181
1574,1579
1575,1853
1577,574
1578,2477
1580,3533
1582,4588
1584,4400
1585,3460
1590,1771
1591,2341
1592,4396
1594,2538
1596,2441
1599,1964
1600,3320
1602,1914
1604,1629
1606,2925
1607,2544
1608,4594
1609,1393
1610,4593
1613,2378
1616,3413
1618,3147
1619,3908
1620,2813
1621,2092
1624,1315
1625,1369
1632,2928
1636,3783
1637,811
1652,2683
1654,2284
1655,1893
1658,2877
1661,2552
1663,384
1665,4450
1666,3286
1669,95
1673,564
1674,815
1680,2462
1681,1515
1686,1946
1689,1448
1690,1242
1691,1454
1692,1533
1696,2169
1703,3938
1707,31
1709,4238
1712,2797
1713,3388
1714,2578
1716,1147
1718,1426
1719,2367
1720,59
1721,4453
1725,1744
1726,1804
1728,1017
1730,4061
1742,2701
1748,3844
1749,3756
1757,760
1758,1925
1763,3996
1765,3649
1772,1294
1774,1131
1776,1460
1777,2973
1780,1274
1781,1302
1782,3016
1783,3642
1785,2765
1786,3547
1788,3848
1790,3918
1795,398
1796,507
1798,180
1801,2435
1802,2043
1808,1486
1809,2972
1810,3523
1811,4016
1814,2855
1817,2993
1819,4552
1820,3633
1823,2820
1826,3027
1831,3286
1833,3938
1837,870
1838,704
1839,767
1840,491
1843,3173
1847,3694
1848,374
1850,3849
1851,1378
1855,808
1856,4068
1859,3752
1861,1979
1862,1900
1863,869
1871,1148
1873,1313
1875,2789
1876,4319
1880,3128
1881,1510
1883,3564
1884,1236
1886,3446
1887,3860
1888,759
1891,2798
1899,3915
1900,2562
1901,2107
1912,1385
1915,4000
1917,2706
1920,113
1921,660
1924,1326
1925,2883
1926,2596
1928,1745
1930,1318
1931,111
1934,4422
1936,107
1947,598
1955,2671
1957,4061
1962,1382
1963,1036
1964,3521
1965,2206
1966,3694
1969,3395
1971,1369
1972,591
1976,2435
1977,1850
1978,1886
1980,4483
1982,3838
1986,2743
1987,606
1989,168
1990,2038
1995,4235
1999,4407
2001,854
2009,1059
2012,3114
2015,3187
2016,2277
2023,2264
2024,4083
2025,997
2029,1527
2034,4267
2035,2885
2036,4292
2038,4088
2039,3804
2043,989
2044,3021
2045,3930
2057,1143
2059,2615
2063,2902
2067,1387
2069,1216
2070,2059
2072,703
2073,1142
2082,1173
2083,3727
2085,3796
2090,3057
2095,4065
2096,4590
2100,80
2103,3025
2105,1249
2106,1181
2110,4406
2111,4259
2112,560
2114,2655
2117,159
2118,628
2119,4579
2120,1179
2121,3843
2122,4
2125,560
2128,892
2129,1548
2131,2643
2133,984
2135,1318
2136,911
2137,3088
2138,2114
2139,1809
2140,2059
2144,3565
2152,1570
2153,524
2160,1051
2162,1241
2164,3824
2165,2715
2167,3797
2172,1113
2173,1267
2174,150
2175,2914
2178,3607
2182,3914
2187,1913
2192,1465
2193,2566
2195,2409
2196,2284
2197,352
2198,4078
2199,3868
2204,964
2207,4147
2209,3505
2214,2283
2218,817
2221,3911
2223,1271
2225,3580
2226,3412
2227,2108
2228,3092
2229,2403
2230,3095
2232,4443
2234,2717
2235,2483
2237,2470
2238,1607
2245,814
2247,1793
2252,1993
2254,875
2255,398
2256,1341
2258,1426
2260,586
2261,821
2262,2975
2264,3333
2266,628
2270,4405
2273,4012
2279,2617
2284,1616
2287,3065
2291,2571
2294,724
2295,2125
2296,1287
2302,4191
2305,3653
2307,4432
2310,1364
2315,870
2316,1315
2320,15
2328,849
2329,752
2330,459
2332,3527
2333,2686
2334,140
2335,2566
2336,3439
2337,4148
2338,1110
2342,496
2344,927
2354,3962
2355,234
2357,4577
2359,1667
2361,1063
2363,2710
2364,4030
2367,14
2368,3132
2376,195
2378,540
2380,2521
2381,4404
2382,3576
2383,1720
2384,2622
2391,3442
2393,2514
2398,1176
2399,653
2406,732
2408,2748
2409,1682
2413,4198
2414,246
2419,87
2422,2316
2424,204
2427,2240
2429,1062
2432,3361
2435,61
2437,1914
2438,1618
2440,1055
2441,93
2443,2351
2447,3726
2450,841
2451,2693
2452,3480
2455,2527
2456,61
2458,4538
2459,3243
2460,3052
2461,3371
2462,1874
2464,2355
2467,1343
2468,3750
2471,2724
2472,3084
2474,2948
2476,3342
2477,3368
2479,2400
2484,1202
2487,3956
2488,747
2489,4497
2491,3766
2492,3954
2494,2958
2496,1131
2498,193
2500,4549
2502,1514
2504,3915
2505,1268
2507,2890
2512,4266
2518,4548
2520,2569
2521,4131
2523,4266
2526,2309
2529,3798
2530,4592
2535,1669
2543,3947
2545,4174
2549,4201
2551,997
2552,947
2559,3112
2564,1735
2566,235
2568,773
2570,2645
2574,333
2575,1249
2581,586
2584,908
2586,2694
2589,725
2590,4074
2594,2877
2596,608
2602,1469
2603,1561
2604,1272
2606,3343
2608,3514
2610,3057
2611,4284
2615,3860
2616,4475
2618,4537
2621,2950
2623,4381
2624,2165
2628,1343
2630,1342
2633,2457
2634,4333
2636,4481
2637,2625
2640,758
2642,3631
2643,2713
2646,2861
2648,4028
2651,1976
2652,3701
2654,3925
2655,750
2658,3135
2661,4025
2665,3194
2666,1858
2667,57
2668,1994
2671,3031
2674,2937
2679,3541
2681,396
2682,4191
2687,3117
2688,833
2689,367
2690,3498
2696,990
2698,4045
2699,3464
2700,101
2703,549
2704,3101
2710,4521
2711,4252
2714,137
2717,2624
2719,2877
2724,1757
2725,2978
2728,1445
2729,399
2730,2273
2731,2600
2733,779
2734,2013
2735,1398
2739,2295
2740,2731
2741,2771
2743,2855
2745,2520
2747,1536
2750,3142
2751,2866
2753,2535
2754,3541
2755,845
2756,4312
2757,3272
2759,2132
2760,2603
2761,347
2763,3230
2767,1852
2769,1412
2771,4311
2772,2361
2773,1934
2785,3313
2786,1608
2790,732
2792,1945
2796,3183
2797,1234
2798,1662
2800,731
2804,2195
2805,329
2807,4319
2812,244
2816,1259
2817,3081
2819,40
2824,4050
2828,4109
2831,2059
2833,3083
2837,2017
2838,3340
2840,4094
2841,274
2844,4020
2846,2577
2849,2479
2850,2835
2859,4480
2860,2927
2866,3505
2868,1451
2869,4386
2870,44
2873,3570
2874,1211
2875,706
2877,2594
2878,4561
2881,965
2882,1869
2885,1757
2887,3272
2889,3522
2890,1143
2892,3506
2895,2421
2896,2923
2898,457
2899,4419
2901,4559
2902,1107
2907,2556
2909,194
2910,3685
2912,1174
2913,1218
2914,3527
2915,344
2918,3150
2920,3500
2922,427
2925,4528
2926,1276
2927,3793
2929,4021
2934,2416
2938,3080
2944,61
2945,3083
2950,2590
2951,960
2960,3433
2968,1408
2970,1745
2971,2232
2978,3742
2981,3794
2986,869
2988,4220
2990,1176
2992,1211
2993,1534
2994,825
2995,1070
2996,1212
2999,691
3001,4384
3002,966
3003,3630
3004,4417
3005,373
3009,2808
3012,3790
3013,3120
3018,1461
3021,373
3023,266
3024,3393
3025,3159
3027,457
3029,1273
3032,2652
3033,4516
3036,2521
3037,721
3038,4413
3040,466
3043,2073
3046,975
3049,806
3050,2835
3052,4533
3053,2499
3054,2955
3056,3747
3058,1335
3060,3289
3061,2943
3062,1662
3063,1126
3065,2891
3069,179
3070,567
3071,2020
3072,1972
3077,3187
3081,2568
3083,4494
3084,4067
3088,2050
3093,3750
3103,2651
3104,2930
3106,1754
3108,505
3115,958
3118,4095
3119,3595
3120,2864
3125,922
3127,305
3128,4597
3129,2136
3130,355
3132,4346
3135,3547
3138,2192
3152,1388
3153,1194
3156,1482
3157,1333
3159,1739
3160,2368
3161,3849
3162,207
3163,4310
3165,2256
3167,1552
3168,2914
3169,1415
3171,2331
3174,4491
3179,140
3181,1139
3183,1278
3184,4346
3190,4369
3192,2430
3194,2249
3197,4028
3198,1784
3201,1763
3202,137
3204,3194
3205,1504
3207,1556
3208,1588
3211,2083
3213,445
3214,929
3215,765
3219,2327
3220,1648
3221,710
3224,1548
3231,0
3232,4125
3234,4126
3235,3200
3236,3545
3239,1740
3243,1963
3245,3143
3247,2606
3250,1039
3252,74
3256,2695
3258,2008
3259,2570
3263,967
3266,2618
3269,3292
3270,589
3271,366
3280,479
3283,1618
3284,225
3290,998
3293,585
3294,2096
3296,3113
3300,41
3301,4473
3302,396
3303,2228
3304,3478
3309,3819
3310,529
3311,3486
3318,1091
3320,267
3321,3258
3322,4069
3324,749
3330,1819
3332,1241
3334,1835
3336,4083
3337,301
3342,1022
3343,3811
3344,4118
3349,2322
3350,78
3351,3297
3352,2816
3353,1674
3356,597
3358,1691
3359,2679
3362,4470
3365,2836
3366,3568
3368,3866
3369,4167
3373,1094
3374,4575
3380,740
3381,1616
3383,2822
3385,1417
3386,4558
3388,1802
3389,1307
3391,2702
3392,1317
3395,2790
3397,3251
3398,1881
3400,1779
3402,3842
3405,901
3407,871
3409,2937
3411,3652
3412,2985
3414,2611
3416,794
3417,2982
3422,3907
3426,1985
3427,2356
3428,214
3430,1101
3431,1256
3433,778
3437,2783
3438,3830
3439,3378
3440,3141
3443,1296
3450,1454
3451,2987
3456,2776
3457,4121
3458,4400
3461,899
3462,618
3466,1778
3469,843
3470,289
3472,4061
3473,1521
3480,768
3482,4119
3483,3831
3487,1533
3488,1069
3489,331
3491,3488
3497,3397
3498,1441
3500,855
3502,291
3505,2731
3507,4594
3508,4189
3511,2955
3513,2422
3516,1085
3519,4420
3525,1494
3528,4370
3530,3527
3531,2364
3537,3759
3538,4225
3540,1125
3542,451
3544,906
3545,2104
3548,2333
3552,3576
3553,4370
3555,569
3559,3117
3565,4029
3566,2553
3567,1894
3569,4089
3571,2785
3575,3351
3577,1183
3579,3358
3582,3374
3585,1543
3593,1338
3597,3187
3598,3397
3600,841
3602,1988
3603,3241
3606,241
3607,121
3608,2216
3609,4314
3610,646
3613,3223
3617,1082
3619,1251
3620,3584
3624,4115
3625,525
3626,479
3627,4204
3628,2796
3629,644
3630,343
3631,2811
3633,968
3637,2055
3641,1012
3642,1975
3645,2849
3653,2633
3655,1428
3658,340
3659,1008
3662,3559
3663,2214
3664,3486
3666,3814
3668,2157
3672,2477
3675,3784
3677,2894
3678,3551
3682,2946
3683,491
3685,3072
3689,3889
3690,4453
3692,3850
3694,2222
3697,4589
3700,2654
3706,3568
3710,2259
3711,3926
3712,823
3725,1801
3727,3445
3728,2615
3729,3160
3734,3011
3737,704
3739,1460
3740,1792
3745,550
3747,1218
3748,1141
3753,1375
3754,452
3756,3172
3757,2506
3759,3077
3761,844
3763,3738
3764,138
3765,1116
3767,3385
3768,3293
3769,2149
3771,1590
3772,225
3773,3120
3774,2156
3776,1038
3777,2652
3779,566
3780,147
3784,140
3785,1539
3786,3431
3787,3249
3788,50
3791,3520
3796,4115
3797,2989
3798,3762
3799,4600
3802,2593
3805,1182
3808,1322
3809,3655
3811,1826
3813,186
3816,1963
3817,2629
3829,2153
3832,227
3834,3857
3837,568
3841,1145
3845,636
3848,546
3849,3069
3851,2281
3854,1637
3855,1460
3857,349
3860,2547
3861,537
3864,3116
3868,2128
3872,175
3874,337
3877,2610
3879,4554
3883,1749
3885,4261
3887,1187
3888,723
3890,2515
3891,1451
3893,812
3895,545
3898,4418
3899,1970
3901,1666
3903,343
3904,2976
3907,4038
3910,575
3911,527
3912,942
3913,197
3917,3917
3918,1136
3920,2193
3921,2453
3923,534
3926,1678
3928,1506
3931,1511
3935,22
3936,1284
3939,4488
3941,4341
3948,3670
3949,3189
3950,1681
3951,1622
3954,203
3959,2781
3960,4560
3966,3180
3968,458
3969,3551
3971,2626
3973,3167
3974,2742
3977,1733
3978,2120
3980,2018
3981,3542
3983,1327
3985,2184
3986,1280
3987,4495
3990,3725
3993,2940
3994,224
3995,1526
3997,3089
3998,754
4000,764
4004,922
4005,74
4006,3212
4009,3747
4010,2704
4011,1424
4012,3349
4013,299
4014,2167
4017,2294
4019,2170
4023,2734
4026,1639
4029,784
4030,2131
4031,4436
4032,872
4041,1992
4042,1232
4046,4592
4058,1523
4067,2572
4069,3053
4070,2171
4072,2883
4073,1129
4075,2627
4076,544
4077,44
4078,3855
4079,2307
4080,138
4081,3449
4088,4115
4089,2990
4090,3808
4094,4409
4098,3674
4099,152
4100,1797
4101,1462
4102,1389
4103,1010
4105,2460
4107,2177
4108,4333
4109,1667
4110,3236
4114,4386
4117,2555
4120,2015
4121,396
4123,978
4125,651
4130,3739
4131,4384
4132,3264
4135,1841
4143,877
4146,839
4148,2646
4149,3004
4150,3883
4152,794
4154,354
4159,1692
4160,4225
4163,997
4164,1761
4165,1562
4169,2032
4170,1163
4172,2450
4173,740
4179,2776
4182,3879
4192,3551
4193,785
4196,4344
4199,516
4203,1945
4205,1331
4208,1082
4209,3763
4210,3629
4212,3013
4216,4394
4218,51
4223,1996
4224,3755
4225,399
4226,2568
4239,1647
4240,2436
4241,225
4242,2404
4244,3247
4247,655
4251,4097
4252,3717
4254,2858
4262,4337
4264,532
4265,3029
4268,1674
4273,1070
4279,747
4280,3251
4281,2432
4282,454
4289,928
4292,779
4296,3072
4297,3906
4298,3077
4302,1570
4305,1719
4306,3144
4307,1527
4310,579
4311,2615
4312,561
4313,119
4314,2246
4317,2347
4322,2816
4323,3551
4325,1846
4327,4492
4328,3806
4330,870
4331,3654
4332,3995
4333,3249
4334,2055
4336,892
4338,3125
4339,2658
4340,3922
4344,3968
4345,1488
4347,1281
4348,4232
4349,488
4350,2881
4351,1691
4352,2803
4353,757
4354,1030
4356,69
4358,3293
4361,1514
4366,949
4369,3441
4371,3772
4373,2109
4375,3856
4376,3862
4377,318
4378,4508
4381,3894
4382,1483
4386,516
4387,4417
4388,605
4389,3308
4390,2253
4392,2690
4393,3507
4397,1130
4405,2602
4411,108
4413,2870
4415,3413
4416,3116
4417,2060
4422,3300
4425,582
4426,1955
4431,453
4432,1954
4438,1354
4439,4410
4440,88
4442,2971
4445,4189
4446,2922
4448,516
4449,3317
4450,1956
4460,2259
4465,3764
4468,297
4471,3508
4477,1786
4478,89
4480,1909
4482,1829
4483,45
4487,4169
4490,3592
4492,56
4493,1469
4495,2627
4498,3682
4500,363
4501,4372
4502,1771
4505,831
4506,1826
4507,845
4508,3289
4509,2024
4513,2953
4522,798
4526,755
4527,863
4528,2112
4529,3700
4532,1722
4533,1121
4534,2177
4536,2439
4539,3655
4541,989
4542,2312
4543,2320
4544,3630
4546,972
4548,2197
4549,1930
4550,3893
4555,3207
4556,108
4559,4198
4560,3981
4561,1185
4563,3845
4564,2845
4567,234
4570,717
4573,950
4575,4222
4578,3372
4580,2651
4581,2868
4582,1534
4583,2124
4585,4360
4588,1025
4591,3434
4594,3918
4602,1080
4604,3566
4607,1351
4611,4375
4613,1523
4615,2758
4618,3868
4619,1285
4622,1079
4624,2626
4632,510
4636,4225
4639,1441
4642,882
4649,1221
4653,2758
4655,2440
4656,3225
4659,1561
4661,2858
4662,4333
4665,1798
4666,3249
4672,1530
4674,2239
4677,3961
4679,386
4681,130
4682,3637
4684,2298
4686,4430
4688,1707
4692,42
4694,2585
4698,369
4699,3003
4700,3938
4703,621
4706,688
4708,3266
4710,2827
4711,1513
4714,4298
4718,2818
4720,3669
4728,4113
4732,3723
4733,3952
4734,4408
4737,3160
4739,2549
4748,3830
4749,2895
4751,1290
4754,4578
4756,2464
4760,974
4767,4244
4773,2475
4774,1425
4775,1941
4776,3282
4777,1036
4779,3796
4780,4144
4781,1267
4785,2735
4786,4151
4796,4499
4797,2170
4799,3225
4802,46
4803,3038
4806,2689
4810,3084
4812,2838
4814,570
4816,1187
4817,1129
4820,4376
4826,3357
4827,605
4831,2686
4834,1487
4839,1590
4843,3554
4845,261
4847,1499
4850,3530
4851,1477
4852,519
4853,3822
4857,4347
4862,2565
4864,3099
4865,4504
4868,3593
4869,2880
4875,1112
4877,620
4878,4143
4879,2119
4880,4036
4881,2386
4882,1156
4884,2051
4886,2163
4888,3748
4890,3170
4891,1474
4893,1707
4894,4255
4898,2901
4900,1590
4905,2654
4907,1236
4908,730
4910,3168
4912,2220
4915,3528
4920,4376
4921,4276
4922,3539
4923,4154
4926,812
4928,1881
4930,4195
4931,2372
4932,1385
4933,1851
4936,2646
4939,3384
4941,431
4945,584
4946,1424
4947,3692
4948,810
4951,1500
4952,2128
4953,1195
4957,2205
4960,3584
4972,1383
4975,4379
4977,3395
4978,3479
4979,3577
4983,4095
4986,4546
4988,3815
4992,1280
4993,1104
4996,2993
4997,967
5003,1168
5005,3778
5006,1615
5007,197
5008,514
5011,1918
5015,3257
5016,3352
5021,566
5023,1416
5024,974
5025,686
5027,3049
5028,2490
5029,2647
5030,2255
5032,3411
5036,1520
5037,612
5040,118
5044,244
5045,2998
5048,2099
5057,4053
5058,528
5059,1689
5061,2289
5063,625
5064,375
5067,3036
5070,4313
5071,1454
5072,2638
5076,3453
5079,1434
5080,2451
5081,3400
5083,638
5084,3126
5089,4152
5092,2900
5095,748
5097,3461
5099,4440
5104,905
5105,2194
5106,3194
5108,989
5110,3641
5112,2827
5116,1021
5119,2328
5122,1149
5123,1719
5131,2939
5132,4070
5138,1089
5145,4139
5159,144
5164,843
5165,4417
5166,2829
5170,2925
5171,3804
5173,1999
5175,2638
5176,139
5179,66
5182,1842
5186,3027
5188,2888
5190,499
5191,1080
5197,1342
5198,1438
5206,4156
5207,185
5208,1947
5211,1957
5216,4206
5219,2157
5225,3197
5226,2243
5228,4383
5231,4509
5233,3637
5239,3683
5243,170
5244,1106
5246,1130
5249,1810
5250,1318
5251,620
5253,4440
5255,2486
5257,1478
5258,602
5262,3653
5263,62
5264,1311
5265,1037
5271,1786
5272,2203
5273,4599
5276,137
5281,1320
5283,2474
5284,2557
5285,2511
5291,1544
5295,2274
5297,1862
5298,2929
5303,2243
5307,3503
5308,489
5309,1446
5312,3123
5315,4160
5321,3964
5322,1915
5326,2717
5327,3296
5329,601
5330,142
5332,1554
5333,3928
5334,4132
5336,463
5337,1931
5342,1310
5343,4420
5344,4174
5345,3620
5347,1454
5348,2137
5349,471
5350,4543
5351,3432
5353,390
5356,405
5359,2664
5364,2323
5365,2491
5367,1884
5371,4573
5372,153
5375,506
5380,1942
5383,2777
5386,80
5393,2953
5394,661
5396,2227
5397,1224
5398,3925
5399,2910
5401,3192
5402,3883
5403,3469
5405,3541
5411,478
5412,2289
5414,577
5417,1763
5418,3134
5421,138
5425,2405
5429,4322
5433,3962
5436,2963
5438,2681
5439,2866
5440,3532
5441,3559
5443,440
5444,3266
5447,791
5449,1559
5453,2821
5454,3483
5458,1849
5461,441
5462,4442
5463,2704
5465,2240
5467,214
5468,4151
5470,3327
5472,1359
5474,2382
5475,3867
5483,72
5484,1502
5486,359
5494,2303
5497,1178
5498,171
5499,2949
5501,1252
5502,1603
5504,3728
5509,3708
5515,1567
5520,4426
5521,84
5523,4372
5524,1387
5525,4509
5526,153
5532,714
5533,387
5534,845
5535,4432
5537,3420
5544,3182
5545,1061
5548,3071
5550,425
5552,4549
5553,3844
5556,4064
5559,2191
5560,904
5569,3309
5571,2382
5572,3754
5575,3047
5577,219
5578,3362
5579,2441
5581,2330
5582,1725
5583,1697
5587,1145
5588,290
5590,2956
5594,888
5597,1167
5600,2423
5602,4015
5604,1543
5605,3525
5609,2071
5615,2844
5619,1829
5620,665
5625,3685
5626,229
5627,397
5638,4441
5639,1203
5645,2751
5650,3975
5661,1871
5662,125
5665,1440
5667,2050
5670,1384
5671,3052
5672,3210
5673,2044
5674,822
5675,2104
5680,960
5681,4175
5682,4270
5684,4601
5685,50
5687,1758
5693,2330
5694,956
5696,3362
5698,1240
5700,2271
5707,703
5713,1784
5715,4303
5718,288
5719,1846
5723,207
5725,2435
5727,3290
5728,3971
5729,627
5730,221
5732,646
5734,3619
5735,3015
5736,4187
5737,3480
5738,553
5742,4349
5744,2502
5745,3796
5746,3658
5751,1479
5756,4074
5757,3139
5758,3974
5760,1115
5761,3785
5763,3703
5767,2196
5769,3220
5785,4219
5786,2274
5788,1332
5797,3599
5799,4072
5801,3193
5802,862
5803,1501
5806,379
5807,750
5812,3231
5814,2415
5817,873
5821,3081
5824,953
5826,891
5827,2653
5828,3733
5829,1658
5832,3856
5834,3793
5836,2721
5839,3248
5840,2590
5845,2927
5846,1234
5853,1065
5854,1521
5855,108
5856,3087
5859,3419
5860,2303
5862,1890
5868,409
5871,4443
5874,443
5878,4387
5880,1203
5881,3106
5885,562
5887,4176
5888,1824
5890,2496
5891,1228
5896,1689
5897,3943
5898,995
5903,254
5904,1197
5908,884
5909,838
5911,3994
5917,3516
5918,1654
5919,1390
5920,3464
5926,543
5934,3611
5936,850
5937,671
5938,76
5939,2632
5940,1599
5943,1174
5950,1587
5951,3741
5953,1830
5955,663
5956,1979
5957,2524
5958,4541
5959,2501
5960,298
5962,2627
5963,3899
5964,2848
5967,686
5974,1432
5979,1553
5980,2820
5982,2445
5989,1265
5990,1237
5992,3792
5995,2461
5997,758
5998,4196
6000,1886
6003,1926
6005,2594
6010,542
6012,375
6016,3771
6019,2793
6020,447
6023,425
6024,2095
6026,3328
6033,3621
6035,3814
6041,504
6042,2894
6044,1621
6045,3592
6046,3872
6050,852
6052,3941
6054,1296
6057,4582
6058,601
6061,1608
6062,1858
6063,1243
6068,264
6069,3048
6071,3371
6072,3806
6075,3065
6077,2007
6082,4537
6089,736
6090,3628
6095,4312
6096,407
6100,1071
6101,2837
6102,1257
6103,659
6109,43
6110,1826
6112,4375
6113,4368
6121,3752
6122,4276
6127,2220
6129,1512
6130,2274
6131,709
6134,3118
6137,3232
6141,4202
6142,2260
6144,1609
6148,2347
6149,513
6152,2553
6155,1185
6159,595
6162,110
6164,2366
6166,987
6167,3539
6169,2480
6170,3195
6171,4133
6175,1901
6178,3653
6180,4163
6183,3242
6185,802
6191,4349
6192,4411
6194,1622
6195,759
6199,327
6202,2975
6206,1492
6210,4398
6212,4034
6215,3088
6216,728
6217,1368
6222,1720
6227,413
6229,567
6236,2053
6240,2436
6243,1656
6248,2878
6254,906
6256,578
6257,3073
6259,4603
6260,4183
6264,1186
6265,2868
6266,1699
6272,3307
6273,83
6274,822
6275,1457
6277,1352
6280,823
6281,4208
6283,815
6284,1923
6289,905
6290,3863
6295,622
6297,2528
6298,1830
6300,3060
6301,3337
6306,1296
6307,2614
6308,2972
6310,3183
6314,2075
6315,674
6317,912
6318,213
6322,1208
6326,4243
6329,1286
6332,823
6334,526
6335,2908
6342,3494
6343,1137
6345,1230
6347,339
6349,1466
6350,607
6355,841
6360,3017
6361,1320
6363,1632
6368,1719
6370,2695
6374,3339
6376,3886
6377,801
6383,821
6386,1413
6390,474
6400,4
6401,4227
6405,3527
6406,3453
6408,3417
6409,2823
6412,2798
6414,2385
6419,1563
6422,1435
6423,2588
6424,2190
6425,736
6435,1883
6441,2798
6443,3396
6448,794
6450,3035
6454,642
6456,337
6459,1090
6461,1719
6462,2164
6463,546
6466,2267
6469,415
6470,3118
6471,290
6473,3039
6475,986
6479,347
6484,3443
6485,3812
6488,468
6489,256
6491,3323
6494,305
6495,3635
6496,967
6499,3873
6507,3029
6508,4204
6512,1506
6513,2635
6515,2996
6516,3076
6517,3157
6524,3250
6526,2118
6527,658
6530,1514
6537,1364
6539,3892
6542,1803
6555,1035
6565,3597
6566,291
6572,1346
6573,1854
6579,1816
6583,3715
6585,1018
6587,4129
6590,2672
6591,1259
6592,4265
6596,4477
6600,2249
6602,499
6604,1449
6606,4040
6608,243
6609,3318
6611,3988
6613,1160
6615,1661
6617,255
6626,75
6627,3170
6629,4509
6630,1903
6631,1971
6634,1554
6641,1921
6646,1390
6648,600
6661,2088
6663,1636
6664,1013
6666,3208
6672,1288
6673,49
6674,130
6675,2987
6678,4033
6679,3453
6680,1088
6683,4495
6686,3113
6692,2632
6693,4023
6694,260
6699,1839
6700,1667
6701,4515
6703,50
6705,3544
6708,1938
6711,767
6716,2453
6718,3279
6726,1519
6728,1306
6730,1669
6732,1580
6733,465
6735,3354
6739,468
6740,1931
6742,4057
6744,1004
6745,3206
6746,3508
6748,4305
6749,1143
6750,972
6753,3405
6756,3120
6758,2731
6761,4284
6762,1783
6763,2107
6767,2890
6770,1300
6778,4441
6784,2555
6785,1913
6786,2490
6791,2495
6792,1831
6795,156
6796,2341
6798,110
6799,4185
6802,4025
6803,3217
6804,9
6805,1762
6806,3972
6807,4236
6810,243
6820,3788
6823,3014
6825,3768
6826,4474
6827,4442
6831,2883
6832,3077
6833,2844
6836,875
6838,2521
6839,4323
6843,436
6844,1031
6846,1974
6847,3347
6850,3309
6852,4038
6855,3725
6861,2621
6867,3121
6871,1730
6872,565
6874,1367
6878,3187
6881,4447
6883,1312
6884,3248
6886,319
6892,4009
6894,3697
6900,1217
6903,285
6909,1139
6911,1001
6919,2198
6920,4278
6921,1683
6923,1337
6924,1607
6925,2730
6926,2683
6927,3915
6928,151
6930,1145
6933,713
6937,4112
6945,3086
6947,658
6948,3873
6953,4349
6956,4261
6958,310
6959,2002
6962,1471
6963,986
6964,633
6965,1422
6968,501
6970,401
6971,1333
6972,681
6978,2245
6980,707
6984,3312
6987,161
6993,4071
6994,640
6996,672
6997,2645
7004,4197
7006,1156
7008,493
7012,182
7013,2762
7014,2158
7015,3990
7024,2824
7026,3128
7027,969
7028,1899
7031,2659
7034,3147
7036,2708
7038,276
7039,3512
7040,128
7044,2286
7045,3458
7047,933
7048,676
7052,4327
7054,1034
7056,1914
7060,160
7062,2662
7065,1921
7066,3926
7067,123
7068,621
7070,3291
7073,4272
7075,3048
7083,2812
7084,1941
7099,2759
7100,3789
7101,1505
7107,3031
7111,4588
7116,883
7117,3854
7120,3437
7123,2917
7128,3239
7134,4600
7140,2876
7143,1836
7144,1714
7145,1097
7149,444
7150,4474
7152,893
7154,2837
7157,2802
7158,2652
7167,2900
7168,1833
7169,3419
7172,2657
7178,1622
7179,1785
7180,2095
7184,3331
7187,632
7188,3670
7194,4445
7195,637
7196,3025
7198,3195
7200,3833
7201,3297
7209,566
7212,3236
7213,757
7215,1868
7217,3958
7220,3510
7225,2704
7227,644
7229,190
7230,638
7231,2276
7234,415
7237,2847
7239,1339
7241,890
7248,1758
7249,4033
7251,3013
7253,3297
7254,2865
7257,2074
7259,2005
7263,4538
7264,507
7265,2428
7271,4023
7274,333
7275,4133
7277,2986
7279,2964
7280,2839
7281,2434
7282,1747
7285,1540
7289,4135
7295,1717
7301,3198
7304,1618
7305,2480
7310,223
7313,1631
7315,2177
7320,681
7323,218
7324,1442
7328,1407
7333,4015
7336,1996
7339,3589
7341,3333
7345,2953
7346,1088
7349,2585
7351,2576
7352,2180
7355,948
7357,950
7359,4328
7360,896
7362,2787
7365,1624
7368,2209
7370,1440
7374,2666
7376,3742
7380,4304
7385,860
7387,4090
7396,3738
7397,3133
7399,645
7400,438
7402,172
7408,352
7411,2587
7412,974
7416,4009
7417,4506
7422,3342
7426,2668
7431,2562
7432,759
7433,231
7436,4406
7441,796
7446,2536
7447,2241
7454,3570
7455,542
7456,3821
7458,2330
7460,1108
7464,468
7465,4319
7469,2994
7473,79
7476,1662
7477,3010
7482,1765
7483,110
7485,1089
7487,2464
7499,4304
7500,4268
7502,4225
7503,1110
7507,4417
7513,622
7515,856
7516,440
7518,303
7519,353
7521,3411
7525,2911
7526,3024
7533,215
7536,1928
7537,1377
7539,1821
7543,1599
7544,2
7547,1606
7548,971
7550,2837
7551,1126
7553,4039
7554,2646
7555,1590
7557,4518
7561,4356
7564,3215
7568,1566
7571,265
7573,1052
7575,4347
7576,1616
7577,3783
7588,4496
7589,2501
7591,173
7595,2656
7596,3861
7599,1055
7603,3884
7604,2498
7605,1824
7610,2395
7612,666
7615,3946
7617,358
7620,3338
7623,3644
7631,1565
7636,4452
7637,2246
7642,374
7643,1683
7644,3973
7645,4387
7647,2095
7648,4330
7651,2846
7652,1958
7653,2740
7656,4082
7661,566
7667,2493
7668,1915
7669,1566
7670,1405
7672,4594
7673,846
7677,163
7678,2031
7682,95
7685,24
7687,2104
7688,769
7696,4168
7707,4186
7708,2021
7712,4164
7717,3695
7722,3111
7723,2493
7725,461
7727,1136
7729,4090
7732,2624
7733,1710
7735,3017
7736,2976
7740,1
7742,1269
7744,2801
7747,4081
7748,41
7754,4512
7757,751
7760,3805
7765,4065
7767,45
7769,1697
7771,1160
7772,1169
7774,1549
7776,2450
7779,1258
7782,1903
7783,983
7789,3508
7792,1969
7797,888
7803,2782
7809,4396
7810,2580
7811,3220
7812,3106
7815,3484
7816,4339
7817,194
7819,4162
7820,1688
7821,2162
7822,2146
7826,3586
7827,639
7830,4359
7834,1406
7835,4547
7837,1107
7840,2305
7841,2303
7842,1862
7847,2816
7849,4502
7850,1023
7852,653
7855,1492
7856,3407
7867,3682
7868,678
7869,919
7872,756
7873,1430
7875,744
7879,1065
7880,2249
7882,1483
7884,645
7887,4515
7891,2231
7895,877
7898,365
7900,1679
7904,1947
7906,4371
7907,974
7908,1802
7911,2968
7912,1456
7917,349
7919,4183
7922,1097
7924,4346
7929,4156
7930,2835
7937,1967
7938,4452
7939,4426
7941,3255
7947,794
7948,1803
7951,3532
7953,1029
7958,1482
7960,3188
7962,1728
7963,3544
7965,1436
7966,3420
7976,4218
7979,3735
7982,2004
7983,3354
7984,2198
7985,78
7988,781
7989,302
7991,1326
7996,2368
7999,1801
8001,3851
8002,3670
8006,437
8007,3977
8010,3951
8011,1275
8012,414
8018,1573
8020,3439
8021,310
8022,261
8024,1288
8025,1062
8030,1986
8034,1047
8035,4503
8036,2179
8038,4565
8042,1215
8043,1796
8047,3667
8050,131
8051,2670
8055,1602
8056,2880
8058,3137
8059,790
8062,2013
8064,390
8068,771
8070,1029
8072,340
8073,3262
8074,1193
8075,391
8078,1430
8079,4342
8081,2176
8083,2322
8084,3732
8087,1239
8091,2991
8093,3257
8094,1535
8095,2169
8098,2305
8099,1123
8100,4520
8103,2999
8109,2245
8110,3803
8112,446
8114,3260
8115,660
8116,1890
8117,3502
8119,1445
8123,4252
8126,2972
8127,3602
8128,4150
8130,196
8131,1355
8139,4200
8141,530
8146,2093
8147,312
8148,942
8149,1550
8151,1145
8153,216
8154,881
8159,2107
8165,359
8166,1822
8175,3349
8177,1124
8178,4230
8181,4415
8184,2588
8196,3027
8197,1539
8200,441
8202,1540
8208,3852
8211,1072
8214,3849
8216,3884
8217,726
8222,2703
8226,3060
8227,2255
8229,3423
8233,2349
8235,1908
8236,3807
8242,870
8243,4389
8246,4131
8253,2394
8256,856
8260,47
8263,2105
8264,910
8267,770
8268,3731
8270,374
8271,3460
8272,3900
8273,765
8274,2040
8277,2061
8279,373
8280,363
8282,2242
8286,1802
8290,751
8291,3388
8293,2279
8294,1104
8297,261
8298,590
8299,1752
8302,4235
8307,1967
8308,568
8309,1685
8310,3762
8312,2637
8319,4378
8320,2248
8322,1081
8324,1383
8326,1746
8327,1087
8328,839
8329,711
8332,2356
8334,284
8335,3862
8338,485
8341,3624
8343,1691
8346,2522
8347,675
8351,1933
8352,4083
8353,1927
8354,299
8358,3471
8360,1087
8363,3070
8368,3654
8370,3998
8371,106
8372,3893
8373,1151
8375,710
8379,2819
8382,4039
8388,421
8389,3981
8395,2006
8396,3295
8400,4501
8402,3257
8404,40
8409,2749
8410,2227
8411,1784
8416,1972
8419,841
8426,2312
8427,211
8429,180
8430,2816
8433,3381
8435,571
8437,3861
8438,2642
8440,936
8442,1632
8443,2089
8447,4315
8448,2648
8450,3823
8451,504
8453,3251
8455,1496
8464,674
8465,3022
8466,1491
8467,3149
8469,4061
8473,3950
8480,2132
8482,3223
8485,2067
8486,25
8488,2670
8489,3226
8491,3881
8493,1282
8494,3252
8496,141
8497,669
8499,450
8503,3304
8506,1044
8508,1548
8509,1777
8510,334
8513,2266
8517,3680
8521,2724
8522,2224
8523,83
8525,3874
8529,239
8530,3729
8532,964
8534,1478
8535,992
8537,1050
8540,1576
8541,3379
8544,3353
8545,4399
8547,4537
8549,725
8550,3045
8553,4342
8554,3612
8556,3375
8560,4038
8566,1551
8568,3408
8569,4456
8571,3008
8580,1970
8582,3239
8583,1508
8585,3540
8587,2706
8591,2272
8592,129
8595,3960
8600,2394
8601,404
8602,803
8603,4469
8606,3465
8607,3244
8610,1812
8612,459
8613,1161
8614,2053
8617,3420
8619,2729
8621,2040
8622,3120
8625,686
8630,4459
8639,1640
8641,1300
8642,3555
8643,1922
8644,2554
8646,365
8647,1775
8648,4592
8650,2095
8652,2448
8655,3547
8657,2264
8658,2712
8659,4140
8660,307
8663,553
8673,2759
8681,2810
8682,4197
8684,1040
8687,362
8690,1860
8691,3445
8694,3992
8695,2616
8696,2060
8697,792
8699,3375
8701,2468
8702,4526
8703,2682
8704,1116
8705,3931
8707,3959
8709,3288
8711,4327
8712,691
8714,2510
8715,675
8718,3422
8719,1805
8720,919
8722,4492
8724,1229
8725,381
8733,3336
8736,778
8738,470
8740,3063
8744,2370
8747,404
8748,4482
8749,3150
8750,3958
8751,4307
8754,77
8755,3596
8757,653
8758,3501
8759,663
8760,3334
8761,2291
8763,1521
8765,1356
8766,2159
8767,3605
8774,1489
8778,4133
8779,586
8781,2048
8782,1507
8788,730
8792,1187
8793,456
8794,2045
8795,1196
8800,2398
8802,2982
8803,3010
8804,1536
8806,2129
8814,1701
8815,1675
8817,2413
8819,4114
8822,464
8823,1234
8824,1529
8825,1898
8826,3462
8827,3286
8830,4545
8832,857
8833,711
8834,2343
8835,562
8836,3047
8837,243
8838,4244
8839,2654
8846,1706
8847,97
8848,3289
8849,1505
8851,4075
8853,1815
8856,337
8858,3675
8859,3598
8860,2713
8867,499
8868,1953
8869,3664
8873,3275
8874,2727
8880,2863
8881,2097
8888,1006
8896,2059
8902,1647
8904,2997
8905,3652
8906,915
8908,4045
8909,4461
8912,1159
8913,3767
8915,3633
8919,2759
8922,4079
8924,1590
8925,1265
8930,3717
8931,2418
8933,4535
8940,2868
8943,4320
8944,1269
8945,2885
8946,2910
8948,2431
8949,377
8950,3515
8951,3683
8954,619
8955,4065
8957,2910
8960,1979
8964,442
8965,2022
8966,3860
8969,3668
8970,1683
8972,696
8973,3251
8974,4002
8975,339
8977,1110
8981,3068
8982,1005
8983,326
8986,1041
8987,79
8988,3358
8989,1531
8991,79
8992,2267
8993,1241
8994,4359
8998,622
9007,3948
9011,724
9012,1773
9013,866
9014,4308
9016,3106
9018,2734
9019,885
9021,1543
9022,3715
9023,3871
9024,1375
9026,640
9027,4232
9029,3117
9031,4549
9036,3619
9038,2779
9041,4064
9043,4210
9048,1335
9049,2680
9052,4117
9053,1916
9054,932
9058,2382
9060,2739
9063,456
9064,249
9065,671
9067,788
9068,3927
9073,2894
9076,3276
9077,1750
9081,2188
9087,1053
9089,1915
9090,3395
9094,946
9096,4054
9098,3766
9101,4019
9102,2928
9104,2714
9105,2909
9107,4471
9108,4584
9111,870
9113,1419
9114,2900
9116,1078
9118,1909
9120,4325
9122,4557
9123,4390
9128,742
9130,2740
9134,1115
9137,423
9140,2182
9142,3692
9149,1279
9151,3382
9152,2999
9155,2472
9159,3354
9167,733
9171,1062
9175,2114
9183,1134
9188,3569
9191,1882
9194,1733
9195,1776
9196,3901
9204,2123
9205,3587
9206,2364
9207,4540
9208,2207
9209,4457
9210,992
9211,2209
9212,1425
9214,342
9216,4492
9221,3484
9224,3894
9225,3892
9227,4138
9230,3312
9232,3008
9233,3781
9234,1281
9235,653
9236,897
9239,261
9240,3408
9244,738
9250,1256
9251,3087
9253,2242
9254,1351
9256,1855
9257,3055
9259,633
9261,560
9263,4016
9265,2698
9267,583
9271,3843
9272,733
9273,3149
9274,3406
9275,1330
9276,262
9277,1809
9278,3758
9279,4069
9280,143
9285,3601
9286,2955
9287,1527
9288,1672
9289,563
9290,338
9291,4102
9292,2883
9301,821
9302,2569
9304,1258
9305,1953
9307,3179
9308,1747
9313,2604
9314,839
9315,616
9317,3539
9320,3292
9326,4072
9327,451
9329,3912
9330,2733
9332,3233
9337,2717
9340,3100
9342,1576
9346,3403
9347,2354
9349,1340
9350,432
9352,2786
9354,2980
9356,4558
9357,3854
9364,2951
9367,3997
9373,1602
9375,1235
9380,475
9385,392
9390,2051
9391,1444
9392,3289
9396,963
9399,3873
9400,3776
9401,1891
9403,4098
9405,459
9406,3519
9409,2231
9410,660
9411,4044
9415,1568
9422,4104
9425,4135
9426,255
9428,2111
9429,2603
9431,2853
9434,4166
9437,1867
9438,1981
9450,3306
9455,1179
9459,1945
9461,4157
9463,3802
9466,3167
9469,4463
9470,3651
9472,44
9473,567
9478,4125
9480,2850
9484,3027
9486,675
9487,692
9488,375
9492,3306
9493,4514
9496,1206
9497,4273
9501,2032
9505,4060
9510,4095
9514,3230
9515,518
9516,2502
9521,949
9523,831
9524,538
9527,3501
9529,705
9530,1849
9531,2085
9533,468
9537,3371
9538,1619
9539,1404
9540,4003
9541,3860
9543,2178
9544,4171
9546,1625
9547,3519
9553,773
9554,4598
9555,558
9559,4383
9560,2551
9566,3819
9567,627
9571,2027
9574,1389
9577,771
9579,3233
9583,2144
9586,4060
9590,3456
9591,3146
9592,4037
9597,879
9604,2411
9605,1348
9609,2653
9617,1160
9618,4561
9619,973
9620,1319
9621,3407
9623,300
9628,3226
9637,3903
9638,839
9639,559
9643,1355
9645,4346
9647,2491
9649,1070
9651,3722
9653,1640
9655,1083
9656,1269
9661,2379
9663,2159
9665,1735
9666,2335
9667,2851
9668,218
9669,2570
9670,1624
9671,1679
9673,4534
9677,2654
9678,313
9679,548
9684,2228
9686,1236
9689,2152
9690,1383
9692,2567
9693,4252
9694,4408
9695,1311
9696,2208
9697,2325
9702,3280
9705,4389
9706,2634
9707,1744
9708,3101
9720,2090
9722,864
9724,4119
9725,2468
9727,2455
9729,3817
9733,1182
9737,1257
9739,3643
9742,4021
9743,26
9745,2393
9748,4473
9756,3693
9759,4056
9761,147
9768,1473
9770,3603
9771,4194
9772,4484
9779,1695
9781,3551
9782,3909
9787,3669
9790,4550
9791,3673
9792,4551
9794,2339
9796,374
9803,3396
9804,265
9806,1255
9807,2268
9811,1039
9814,4133
9817,3269
9819,3258
9820,2860
9822,3344
9826,3897
9828,1481
9829,1200
9830,402
9832,2381
9838,3152
9840,3500
9842,2389
9846,3880
9847,321
9850,1373
9851,1344
9852,3298
9853,4039
9854,418
9855,3091
9858,1023
9859,448
9861,4425
9862,3898
9866,1506
9877,2907
9879,4324
9881,3604
9888,2548
9890,669
9891,1171
9894,1737
9907,1763
9911,4362
9913,3708
9917,4042
9919,730
9924,3752
9926,604
9927,11
9929,3520
9930,4552
9931,2565
9933,2444
9934,532
9936,3751
9940,74
9942,1031
9944,2662
9945,1761
9946,1807
9947,1604
9950,866
9951,2963
9952,391
9956,2646
9959,829
9960,4265
9966,2551
9970,2942
9977,3550
9979,3021
9986,2644
9987,4502
9993,1819
9996,360
9998,4194
10002,704
10003,785
10006,3813
10013,520
10015,4351
10017,3197
10018,132
10019,909
10023,3884
10024,3093
10032,2059
10034,1700
10039,3389
10040,98
10049,2197
10050,1188
10052,4221
10054,3071
10056,1544
10057,3212
10060,1130
10062,2737
10064,1421
10065,1182
10067,1163
10068,2902
10069,2578
10070,2018
10077,496
10079,2404
10080,1269
10081,824
10087,2637
10095,4102
10097,4291
10099,2727
10101,3707
10104,1515
10106,693
10111,1132
10112,4275
10113,3904
10114,4458
10116,4020
10117,2740
10120,2654
10121,1880
10124,3706
10129,2169
10133,210
10140,3888
10141,649
10142,3794
10149,3773
10151,2212
10152,2437
10153,2727
10160,57
10163,2545
10167,557
10168,4566
10173,272
10177,171
10179,4468
10180,3361
10183,4269
10195,3556
10198,472
10199,3194
10203,2234
10206,1865
10209,669
10210,2633
10211,58
10212,2886
10214,4546
10215,2118
10217,2938
10220,807
10222,974
10224,1436
10225,2340
10227,2678
10232,5
10233,4088
10236,2928
10239,1194
10242,1919
10244,1515
10249,3367
10253,2874
10255,2605
10256,1954
10258,2173
10259,2808
10261,2351
10265,1284
10269,922
10272,1287
10276,2522
10277,3727
10279,1607
10281,613
10285,891
10287,2027
10288,1152
10289,3672
10290,2080
10298,403
10300,1668
10302,1113
10305,1574
10307,4173
10310,3058
10312,1109
10313,1895
10321,4210
10323,1096
10325,3054
10326,59
10328,2495
10329,3334
10330,2859
10331,3979
10334,2815
10336,4077
10338,696
10341,844
10342,186
10345,490
10349,4434
10353,2243
10354,2972
10357,820
10358,1818
10361,1760
10362,1272
10363,3332
10372,3393
10376,4141
10378,1801
10379,2710
10380,3505
10381,2252
10383,308
10384,3217
10387,193
10390,3963
10393,946
10396,4514
10397,4187
10398,669
10401,4037
10412,1488
10413,4185
10414,1642
10422,751
10427,4130
10430,3094
10432,3936
10438,3520
10439,3007
10440,3987
10443,125
10445,4410
10446,1282
10447,2811
10451,1168
10455,323
10458,889
10459,4005
10460,4388
10462,1376
10466,1883
10467,1536
10468,3000
10472,2227
10473,3190
10475,383
10477,976
10478,659
10488,3241
10489,390
10491,2442
10493,2917
10494,2964
10495,2749
10498,1299
10499,920
10502,1497
10506,3049
10507,227
10521,175
10523,1533
10535,3631
10537,814
10540,3534
10546,210
10548,418
10549,1247
10552,1208
10553,592
10561,328
10562,2153
10564,2962
10565,3783
10567,1962
10571,3092
10577,1114
10578,2014
10580,3927
10581,1443
10583,978
10585,431
10588,75
10589,3268
10591,204
10594,3692
10596,418
10598,1694
10601,3022
10603,1792
10608,412
10610,896
10611,179
10613,1945
10614,208
10615,1549
10616,2386
10619,698
10622,922
10630,3572
10633,3810
10644,3272
10645,1245
10647,2897
10652,4134
10655,1368
10656,3605
10657,2221
10659,425
10661,1765
10664,3286
10667,2065
10669,3574
10673,1512
10674,2552
10676,1010
10678,3433
10679,1857
10684,2975
10685,3509
10686,2603
10687,830
10688,2217
10695,1436
10697,1631
10700,89
10705,1683
10707,1570
10712,936
10714,2904
10715,1218
10722,4448
10723,3117
10728,4505
10736,1721
10737,1575
10740,247
10744,2910
10747,4057
10748,3071
10749,1575
10751,550
10753,1687
10755,3394
10756,1665
10757,4113
10759,1997
10760,156
10761,4393
10762,184
10765,1797
10766,3686
10771,2774
10772,3406
10773,1200
10774,2766
10777,79
10779,2881
10782,409
10785,3016
10787,2089
10788,1786
10790,1841
10792,336
10795,4085
10799,2583
10800,618
10802,3180
10808,2592
10811,1650
10812,3404
10813,1294
10814,909
10815,3952
10818,1192
10825,4378
10826,4087
10828,628
10831,3550
10834,2511
10836,3625
10838,3809
10842,885
10843,3221
10845,1924
10847,1134
10848,3636
10851,719
10855,513
10856,2930
10860,780
10864,208
10867,2877
10868,2573
10869,2614
10870,1575
10876,3635
10880,256
10890,2064
10893,637
10895,610
10897,2976
10898,4003
10899,4287
10901,1631
10902,1265
10906,3706
10907,2851
10910,1551
10911,2494
10913,2261
10914,3322
10915,1513
10921,246
10924,929
10926,1909
10927,3800
10928,1635
10929,9
10930,2563
10932,2410
10935,2268
10937,771
10940,2281
10941,3155
10945,1096
10947,62
10948,1203
10949,967
10952,2741
10954,4231
10955,3984
10958,1814
10960,709
10961,1964
10965,2645
10966,2079
10968,3933
10970,336
10973,2158
10977,2594
10980,1947
10981,2066
10985,2476
10986,223
10988,3438
10994,4369
10996,1976
10997,2503
10998,3720
10999,2216
11001,1044
11002,3091
11005,130
11008,3970
11011,3493
11012,1766
11018,1838
11019,98
11020,3228
11021,3839
11022,2479
11024,4004
11025,1376
11027,1377
11031,1710
11032,1154
11034,2683
11035,698
11039,2016
11040,3546
11041,2310
11044,1747
11045,4403
11050,3860
11051,3458
11053,4245
11055,2475
11062,2953
11063,179
11066,3356
11067,1739
11070,526
11071,4243
11073,3962
11075,110
11076,1157
11081,1610
11082,527
11084,679
11085,318
11090,3262
11091,846
11095,3965
11098,2520
11099,3748
11101,1673
11102,2235
11103,3786
11111,546
11113,3520
11116,2430
11117,2477
11118,1797
11120,1694
11125,4500
11127,138
11128,4495
11134,3039
11135,1057
11140,4014
11141,229
11144,1472
11149,1292
11151,4348
11154,2019
11158,2220
11161,2964
11162,1013
11163,4245
11165,2012
11166,1997
11169,1723
11171,1277
11173,2048
11174,2010
11176,4233
11178,4287
11184,4458
11185,3671
11187,3356
11188,854
11189,2317
11192,288
11194,3596
11197,2034
11198,961
11200,3618
11201,3714
11203,4351
11206,2072
11207,1655
11210,2585
11213,1956
11215,4408
11216,4365
11218,2668
11219,4310
11220,3965
11222,1946
11223,4381
11226,2294
11227,4140
11228,1559
11229,3518
11231,1416
11234,2999
11236,2948
11237,4389
11240,971
11241,3482
11245,315
11248,3803
11250,2494
11256,2569
11257,3894
11259,3432
11260,1358
11262,3461
11263,4022
11265,344
11266,121
11271,4407
11273,843
11275,91
11276,4440
11277,3047
11278,3295
11280,3367
11282,628
11285,4176
11286,4052
11290,1392
11291,3823
11292,337
11293,4539
11298,4188
11299,3373
11302,4535
11303,3433
11304,726
11305,4176
11309,1237
11310,4373
11319,4277
11321,3741
11322,2520
11324,2205
11325,3462
11326,3317
11329,771
11330,3138
11331,4487
11333,4384
11336,2239
11338,2132
11339,2816
11341,2136
11343,3228
11346,3204
11347,2667
11348,3907
11350,1222
11351,433
11353,2989
11355,840
11357,1537
11359,3431
11361,1468
11362,1823
11363,4441
11367,341
11370,726
11371,3291
11373,2345
11379,2679
11383,1857
11384,3818
11386,1730
11387,3235
11389,584
11391,4416
11397,299
11399,1502
11400,1392
11401,1383
11407,2516
11408,1274
11414,4602
11420,2523
11424,18
11429,4579
11430,3167
11433,1510
11434,2300
11437,1439
11439,267
11440,3548
11441,318
11442,4566
11444,3932
11445,978
11453,713
11454,4327
11457,4029
11458,2742
11460,3530
11461,2100
11462,1527
11463,1662
11464,1401
11468,2125
11469,3647
11472,3929
11476,1800
11478,2537
11479,1424
11480,4455
11484,22
11487,3866
11491,4034
11492,2486
11500,2177
11503,3823
11504,4116
11505,2728
11513,1276
11514,76
11518,2140
11519,2755
11522,4503
11523,3617
11525,3550
11526,1926
11528,1252
11536,2893
11538,3110
11539,2154
11541,3289
11542,561
11543,2156
11544,2921
11546,2035
11550,490
11551,265
11557,2682
11564,1421
11565,590
11569,3885
11570,4194
11575,4291
11576,3535
11578,370
11579,705
11580,114
11583,850
11584,2931
11590,2777
11593,4178
11597,2358
11601,1818
11602,4153
11605,2185
11606,1536
11608,3711
11611,777
11617,1278
11623,4138
11631,4045
11633,136
11639,2451
11640,2987
11649,3290
11652,1971
11653,4212
11655,4575
11656,415
11659,3934
11661,3856
11662,620
11663,4597
11666,4080
11670,3482
11671,4187
11673,3176
11676,212
11680,3704
11681,4263
11682,472
11686,2592
11687,2167
11690,3581
11691,78
11692,1132
11693,56
11697,356
11698,1478
11699,3027
11700,2008
11701,185
11703,2132
11705,1189
11709,934
11711,614
11712,142
11713,1265
11714,1342
11720,3988
11722,2614
11723,2957
11726,751
11727,2433
11730,2926
11734,1863
11738,970
11749,1910
11751,2618
11753,2569
11756,1088
11757,1523
11758,798
11760,4291
11762,2768
11764,1704
11766,208
11767,4112
11768,310
11774,786
11776,3581
11777,315
11780,3988
11781,1342
11785,3723
11786,3806
11787,1201
11788,127
11790,424
11793,3626
11796,3722
11797,2471
11801,1232
11805,3921
11806,3897
11808,3056
11809,1220
11812,2643
11813,2387
11818,3375
11819,2061
11820,2357
11823,1590
11828,4374
11834,349
11836,3652
11838,2938
11840,3471
11842,1192
11844,360
11847,755
11855,3788
11859,3206
11860,4106
11861,2982
11863,3846
11864,3189
11867,2495
11871,304
11872,2993
11874,4512
11878,3082
11879,1668
11880,1090
11882,1884
11883,3953
11885,1142
11887,3080
11888,2732
11893,1775
11894,1510
11895,475
11897,3231
11900,2267
11901,3570
11904,3682
11909,323
11910,3337
11911,708
11913,216
11920,4156
11924,1845
11925,1404
11926,1856
11927,353
11929,529
11933,804
11935,2208
11936,1491
11940,2411
11941,953
11942,4035
11943,3073
11945,3208
11948,1555
11949,2353
11950,1752
11951,2106
11952,3484
11958,1174
11960,2932
11964,16
11966,3507
11968,3939
11975,3191
11976,1017
11977,4039
11978,1677
11980,1830
11982,949
11995,2621
11997,2658
12000,447
12004,1423
12007,2537
12009,3505
12012,4213
12014,4271
12018,562
12022,1134
12023,3216
12025,66
12027,1300
12028,1876
12030,3794
12032,2340
12033,2922
12034,3640
12035,2259
12039,2970
12043,296
12046,1561
12049,508
12050,636
12051,4271
12053,2009
12055,3435
12056,836
12058,1226
12059,4341
12060,2526
12062,2456
12063,241
12064,687
12065,793
12066,3350
12067,2629
12070,3521
12071,2442
12072,1635
12075,4419
12081,3169
12082,285
12083,3434
12085,341
12088,2269
12089,1201
12090,287
12093,250
12094,1860
12097,3582
12101,2102
12103,3087
12104,4449
12105,1145
12106,2450
12109,2661
12114,2163
12118,2554
12121,1259
12124,1469
12129,3998
12134,4154
12135,638
12142,3755
12143,1349
12145,4438
12146,3651
12148,2643
12149,49
12151,4489
12155,2019
12157,4085
12158,3110
12160,986
12161,345
12162,2919
12167,3704
12168,2036
12171,1323
12172,1213
12185,4197
12186,524
12188,865
12189,3482
12190,1325
12192,2195
12196,2548
12199,3887
12200,425
12201,3610
12204,1629
12205,3206
12208,3237
12212,4452
12215,1015
12219,928
12221,2720
12223,4144
12228,3575
12229,2358
12231,4522
12234,1310
12237,2732
12239,1748
12240,91
12241,2622
12243,368
12245,443
12246,4057
12247,2158
12249,2994
12251,377
12252,1316
12258,81
12260,902
12261,41
12262,2795
12263,3302
12271,3322
12273,2049
12274,967
12275,2640
12276,3314
12278,2101
12280,1000
12281,567
12282,1584
12283,197
12289,2684
12297,652
12300,2530
12302,1320
12303,3153
12305,653
12308,3722
12309,4429
12313,4283
12319,2568
12320,1131
12326,2256
12328,2726
12329,2075
12330,2924
12331,1206
12332,631
12334,1743
12337,3002
12338,2975
12340,444
12342,1454
12345,2898
12346,665
12353,2856
12354,3845
12355,3981
12356,1932
12359,3420
12366,3454
12368,2995
12370,1231
12377,2860
12380,330
12381,2249
12388,82
12390,163
12391,1366
12392,1682
12399,2995
12402,4340
12407,1543
12408,3395
12413,1424
12414,3898
12417,1361
12419,4211
12420,2022
12421,1157
12429,216
12430,2888
12431,4032
12432,2434
12434,3980
12436,3124
12437,4171
12439,3313
12440,944
12441,2204
12443,2937
12445,622
12448,284
12449,2665
12450,4545
12451,2694
12453,1719
12454,4427
12456,188
12457,1489
12462,4499
12466,4165
12468,1953
12471,3396
12475,2331
12481,349
12483,796
12488,2519
12489,115
12493,4350
12494,237
12497,1363
12498,4473
12501,3509
12502,2393
12503,3436
12509,3325
12512,4420
12515,3043
12516,950
12517,362
12519,915
12520,3459
12522,3290
12525,277
12528,2209
12529,31
12532,436
12534,1818
12535,1804
12539,3434
12547,3296
12551,4183
12553,1225
12555,1268
12557,2587
12560,2423
12561,1168
12562,3695
12563,605
12565,929
12567,1509
12568,2645
12571,3111
12573,2682
12574,4118
12575,3299
12576,3813
12577,1078
12578,4312
12580,4305
12584,268
12585,56
12586,70
12589,3335
12592,174
12593,2065
12595,1960
12598,2227
12603,1279
12606,3665
12607,4013
12609,1581
12610,1334
12611,641
12612,2240
12613,1500
12614,3818
12619,3092
12621,1055
12622,2950
12623,3611
12626,3744
12634,1000
12635,2314
12641,2203
12642,1773
12645,4419
12647,2408
12649,2996
12650,1634
12651,2048
12652,471
12656,1782
12657,720
12662,4119
12663,121
12666,2390
12667,276
12669,2107
12671,149
12673,4176
12674,1927
12676,4494
12678,3522
12680,2813
12681,4542
12682,4384
12684,2714
12687,1115
12692,4204
12694,645
12696,802
12700,394
12701,3636
12704,1779
12705,606
12709,208
12710,1449
12712,136
12713,1283
12714,3218
12715,2103
12717,3612
12718,3904
12720,2737
12724,3316
12725,377
12726,1165
12729,3345
12735,1764
12736,2494
12741,2032
12742,3051
12743,3895
12751,993
12752,4345
12759,1621
12761,1709
12762,1434
12763,2626
12769,2646
12771,2974
12772,1575
12775,2682
12779,2699
12780,1546
12781,3491
12783,399
12787,1872
12791,830
12795,4432
12796,1713
12799,1200
12802,3856
12803,1589
12805,4600
12806,3231
12808,3111
12810,1112
12811,227
12812,2562
12814,1050
12815,3439
12817,2253
12819,934
12823,2980
12826,3662
12828,2705
12829,2934
12830,1537
12831,3464
12832,2744
12833,1940
12834,4558
12836,1048
12837,3812
12838,388
12839,2926
12842,2035
12843,2849
12847,51
12849,242
12850,784
12852,1153
12853,2619
12857,2933
12859,11
12860,4314
12862,3955
12863,158
12865,1100
12867,3265
12868,1458
12869,3379
12870,609
12873,1917
12877,4267
12878,2186
12880,3585
12881,4276
12882,3836
12883,844
12888,4383
12889,3730
12894,3604
12895,2384
12899,2759
12904,2451
12906,2511
12908,688
12914,1137
12922,4516
12924,2491
12927,901
12928,899
12938,1838
12940,814
12944,2423
12945,4290
12948,4427
12950,3583
12951,2118
12952,4320
12954,4277
12956,3253
12957,1259
12959,4223
12961,3070
12963,1311
12966,3433
12968,4175
12969,4472
12972,16
12975,1542
12976,3690
12977,2356
12981,1086
12985,4046
12993,2958
12994,4160
12996,921
12999,269
13001,1710
13002,3043
13006,728
13007,4042
13011,3370
13012,2
13013,3
13014,3672
13015,1516
13016,579
13021,3681
13023,3379
13025,3014
13027,2630
13032,4356
13034,2033
13036,830
13045,557
13046,3408
13047,2182
13054,3647
13055,3055
13056,2398
13058,1538
13061,2084
13068,3828
13072,3756
13074,432
13075,2593
13076,2796
13079,36
13081,3884
13083,3103
13085,117
13086,2138
13089,2909
13090,3654
13093,3188
13095,2344
13096,2180
13099,2820
13100,3715
13102,4473
13106,1195
13107,827
13110,4361
13119,2812
13122,77
13123,3158
13127,2089
13133,1818
13134,4500
13135,3142
13139,1930
13141,2712
13151,734
13163,748
13174,1394
13179,3554
13180,2962
13182,4416
13189,1360
13192,4066
13202,1326
13203,1034
13206,832
13208,3326
13211,1756
13212,1615
13213,2679
13220,3913
13221,3451
13226,1507
13230,3339
13232,1377
13238,3822
13239,550
13241,3740
13242,1302
13243,3406
13244,4310
13245,3995
13246,3858
13247,3511
13254,634
13256,195
13259,144
13260,117
13261,1208
13262,2079
13269,2948
13275,1217
13277,360
13280,1296
13285,570
13290,3519
13292,1599
13295,1474
13297,3100
13299,2246
13300,160
13305,1642
13307,3374
13308,1076
13310,157
13312,2365
13313,3395
13314,3168
13317,2437
13324,2252
13325,4459
13329,2341
13330,749
13331,3345
13335,1764
13336,4053
13338,2409
13342,1829
13343,1119
13344,67
13346,2897
13347,2361
13350,4258
13352,1496
13354,845
13355,3957
13358,1006
13360,2340
13365,2127
13372,3661
13373,3281
13376,946
13377,4156
13382,1127
13385,2712
13386,1295
13387,4501
13389,682
13391,4386
13392,3165
13394,2793
13401,4589
13402,247
13405,4244
13410,998
13415,2047
13416,4232
13419,335
13422,766
13423,4139
13425,3076
13428,670
13430,1097
13432,2785
13433,4085
13436,1467
13442,1965
13444,4219
13447,799
13450,2556
13452,705
13456,382
13457,1794
13459,15
13462,2895
13463,2020
13467,64
13469,1075
13470,1593
13473,2983
13474,1183
13479,2120
13481,2443
13483,2364
13485,2454
13486,1423
13487,1121
13489,2269
13491,1252
13492,2532
13493,3934
13496,3532
13497,2610
13498,3668
13505,4179
13506,412
13508,673
13510,604
13511,865
13513,2368
13515,2981
13517,1340
13521,3912
13524,473
13525,3717
13527,1700
13531,3127
13532,1219
13533,1119
13534,1224
13536,2065
13539,4565
13540,1018
13543,264
13545,1096
13546,2749
13548,654
13549,4259
13550,4083
13551,927
13557,888
13559,4514
13563,83
13564,3298
13568,644
13570,3493
13571,193
13572,1234
13577,1482
13581,2002
13585,4370
13586,2585
13589,63
13591,3536
13592,195
13597,1074
13598,4099
13599,3549
13600,954
13602,731
13607,299
13608,3389
13610,2509
13612,3830
13613,3579
13614,2845
13616,1015
13617,1190
13619,3372
13620,1472
13625,1468
13628,643
13633,340
13637,4470
13638,275
13640,1974
13641,3959
13643,3330
13645,798
13651,4
13657,376
13658,2230
13659,4371
13662,2327
13664,934
13665,3148
13675,3786
13676,2530
13679,3039
13680,4428
13681,3941
13687,3912
13693,2666
13696,3072
13697,3177
13699,3583
13701,2093
13704,2029
13705,1622
13706,221
13708,1063
13711,2420
13713,3610
13715,2212
13717,2137
13723,1061
13725,1969
13728,3484
13733,3903
13735,3443
13739,751
13742,4178
13745,1730
13749,4149
13750,3370
13755,2588
13758,3407
13759,4300
13762,4041
13764,3606
13767,1301
13774,1582
13776,3775
13778,2710
13780,1924
13782,954
13785,4440
13788,1771
13791,4169
13793,1227
13796,160
13797,3230
13798,4515
13799,1176
13801,1880
13802,3743
13803,669
13805,330
13806,2024
13809,1299
13810,1281
13814,3244
13817,2606
13827,1608
13828,4263
13829,1075
13830,3812
13833,2269
13834,916
13835,4041
13836,3985
13837,2271
13845,2246
13846,4527
13849,4012
13852,3560
13854,1215
13855,1712
13856,3246
13859,548
13863,1048
13865,1296
13869,4303
13870,3743
13874,3113
13877,3477
13879,4049
13881,2837
13882,1146
13888,519
13893,310
13896,2505
13899,4317
13900,1638
13901,528
13906,412
13909,486
13910,3650
13913,2136
13915,3187
13921,929
13922,3570
13924,4018
13925,2981
13926,2511
13927,2307
13933,1759
13934,1360
13935,12
13938,4057
13939,1966
13940,4524
13944,450
13954,2832
13958,915
13961,895
13966,639
13968,4576
13969,564
13974,716
13977,1971
13983,1529
13986,3521
13989,823
13991,2129
13993,216
13994,1552
13996,635
13998,2138
14001,1663
14002,1703
14009,2145
14010,1614
14011,3690
14012,157
14015,4038
14019,478
14020,1903
14029,1155
14032,1926
14035,2835
14037,251
14038,3358
14047,1880
14052,437
14058,3616
14061,2554
14064,4000
14065,1613
14066,1992
14067,323
14071,3413
14077,4260
14078,1822
14080,2349
14082,4273
14084,1178
14088,1020
14096,2676
14098,2755
14101,3510
14104,133
14107,1274
14108,2040
14110,4177
14113,4320
14115,1598
14117,2243
14119,1816
14120,2266
14122,3639
14123,4033
14126,1368
14127,1417
14129,107
14130,4592
14131,856
14132,421
14134,1163
14136,4078
14137,223
14138,622
14140,929
14141,4435
14149,3987
14152,1548
14153,1490
14155,4133
14156,185
14157,1412
14158,3367
14164,1390
14165,176
14170,3997
14171,3241
14176,3758
14177,3560
14178,3121
14181,2963
14182,1417
14183,25
14185,2557
14186,1347
14189,2548
14190,614
14198,875
14200,923
14209,1995
14210,4454
14211,2935
14212,2624
14215,3127
14216,1514
14221,1367
14224,3739
14226,2824
14227,3747
14228,4392
14233,2128
14235,3086
14236,3567
14237,1248
14239,191
14240,72
14242,1598
14243,2383
14250,758
14251,1463
14264,1625
14265,2885
14266,414
14267,101
14268,62
14269,1483
14271,1680
14272,2198
14274,533
14275,1658
14277,3291
14279,3033
14287,2875
14289,2287
14290,3727
14291,2636
14295,399
14296,3172
14298,2417
14299,4491
14304,1321
14308,2010
14310,4560
14315,116
14316,1621
14317,2214
14322,1543
14324,377
14325,237
14327,944
14329,4342
14330,212
14331,2869
14332,2863
14333,2518
14335,1709
14337,2203
14338,1378
14339,3004
14340,4111
14341,550
14343,3498
14345,3325
14347,4038
14349,4496
14350,1551
14352,3973
14354,2559
14359,16
14360,3390
14368,1172
14370,1906
14372,950
14374,2472
14376,3291
14378,4211
14380,4358
14383,2450
14387,2120
14393,3405
14395,1130
14400,4021
14402,2133
14406,1089
14407,1777
14408,3442
14409,564
14414,4291
14416,129
14417,665
14420,1843
14421,415
14429,3262
14431,2409
14442,39
14443,1235
14445,1197
14447,633
14456,3357
14458,1774
14463,2331
14464,1254
14465,2996
14467,1283
14468,1105
14471,3308
14473,65
14474,1200
14477,252
14478,213
14485,2574
14486,4577
14490,506
14491,3881
14494,2402
14500,731
14504,3901
14505,1610
14510,512
14512,3084
14514,3099
14515,3541
14516,3030
14518,3270
14521,1432
14522,816
14523,2103
14524,3280
14527,678
14528,1999
14529,2690
14530,4269
14533,1872
14535,3399
14544,2246
14546,1497
14547,3119
14550,4594
14553,1681
14554,1442
14561,3106
14563,2120
14566,3917
14567,750
14568,3236
14569,1334
14571,3862
14575,1819
14576,2717
14579,2880
14583,4587
14585,705
14587,174
14589,1056
14591,4128
14593,2468
14594,1210
14600,3484
14604,4033
14605,3883
14606,2438
14607,2867
14609,3055
14612,2552
14614,2148
14620,4239
14623,1804
14631,2547
14632,4232
14633,4501
14636,301
14639,3633
14640,2133
14641,3363
14644,728
14646,737
14649,3132
14654,1153
14657,676
14659,4523
14660,2376
14666,603
14668,1503
14669,3387
14673,686
14675,4382
14680,1337
14681,3776
14686,984
14687,1667
14688,4506
14690,4561
14691,4313
14693,1130
14695,2240
14697,560
14699,3113
14700,2742
14702,589
14703,352
14704,138
14707,1060
14711,1817
14715,252
14720,2269
14724,597
14727,3362
14731,3191
14732,2522
14733,214
14734,1448
14735,3464
14738,2186
14744,3011
14745,2657
14746,2660
14747,342
14748,668
14760,3173
14763,4021
14770,3788
14773,3554
14775,3847
14781,839
14784,3147
14785,1227
14787,911
14789,2793
14791,2800
14796,4100
14797,864
14800,2246
14801,2242
14805,3486
14808,3065
14809,1674
14814,963
14815,1638
14820,2750
14824,4308
14826,2061
14827,1435
14833,2304
14835,3175
14836,326
14837,3201
14838,3737
14841,1695
14842,542
14845,1101
14846,808
14847,1121
14853,3633
14855,1843
14857,4340
14858,3965
14859,833
14862,4049
14872,3639
14873,4182
14879,3725
14880,2107
14882,870
14883,1188
14885,3183
14895,3182
14897,1200
14898,2757
14899,1028
14901,2750
14905,3673
14906,208
14908,450
14913,4536
14916,887
14924,2052
14925,1441
14928,4600
14932,3881
14933,1654
14934,2980
14937,3139
14939,4086
14941,787
14944,1894
14948,4163
14953,1626
14955,417
14957,3409
14958,3550
14964,1245
14966,2369
14968,4603
14970,801
14972,441
14976,2164
14982,737
14984,1786
14989,3793
14990,2921
14993,2286
14997,2305
